,Run,Lambda,Min_PPL
0,Rep0_Standard_LoRA,85.24279784735356,22.954208374023438
1,Rep0_Elastic_IEC,68.06193000813742,12.912296295166016
