,Run,Lambda,Min_PPL
0,Rep0_Standard_LoRA,106.12322263194774,11.955343246459961
1,Rep0_Elastic_IEC,39.327777348607064,23.904495239257812
